Environmental Issues and Solutions - An Overview,https://www.geeksforgeeks.org/environmental-issues-and-solutions/,google
Actions for a healthy planet | United Nations,https://www.un.org/en/actnow/ten-actions,google
5 Simple Ways To Help Solve Environmental Problems,https://unity.edu/sustainability/ways-to-solve-environmental-problems/,google
Environmental Issues - Solutions To The Issues,https://byjus.com/biology/environmental-issues-solutions/,google
10 Environmental Problems and Solutions,https://earthyb.com/blog/environmental-problems-solutions/,google
"Causes, Effects and Solutions to Environmental Degradation",https://plantwithpurpose.org/causes-effects-and-solutions-to-environmental-degradation/,google
How can engineers help solve environmental problems?,https://www.bolton.ac.uk/blogs/how-can-engineers-help-solve-environmental-problems,google
How Can We Solve the World's Environmental Problem?,https://www.sagepub.com/sites/default/files/upm-binaries/36032_13.pdf,google
Environmental Problem Solving Skills: Digging Deeper,https://www.soiladvocates.ca/environmental-problem-solving/,google
How to reduce human-caused environmental changes,https://lifesciences.byu.edu/how-to-reduce-human-caused-environmental-changes,google
Environmental Problem Solving - an overview,https://www.sciencedirect.com/topics/earth-and-planetary-sciences/environmental-problem-solving,google
Environmental Issues - Solutions To Th…,/images/search?q=how+to+solve+enviromental+problem&id=EFC3F3E8F1AF818F19BF34FB94D990946B07EE1F,bing
5 Simple Ways To Help Solve Environmental Problems - Unity College,javascript:void(0),bing
10 ways you can help fight the climate crisis - UNEP - UN …,https://www.unep.org/news-and-stories/story/10-ways-you-can-help-fight-climate-crisis,bing
10 Environmental Problems and Solutions in 2023 - Ecavo,https://ecavo.com/environmental-problems-solutions/,bing
Videos of How to Solve Enviromental problem,/videos/search?q=how+to+solve+enviromental+problem&qpvt=how+to+solve+enviromental+problem&FORM=VDRE,bing
6 global environmental issues and ways you can help | IFAW,https://www.ifaw.org/journal/environmental-issues-ways-to-help,bing
How to beat pollution - UNEP - UN Environment …,https://www.unep.org/interactive/how-to-beat-pollution/,bing
Explore how to solve enviromental problem,/images/search?q=how+to+solve+enviromental+problem&qpvt=how+to+solve+enviromental+problem&FORM=IGRE,bing
10 Solutions to climate change that will actually make …,https://concernusa.org/news/solutions-to-climate-change/,bing
Eight ways to overcome the waste pollution crisis | UNEP - UN …,https://www.unep.org/news-and-stories/story/eight-ways-overcome-waste-pollution-crisis,bing
Are there real ways to fight climate change? Yes. - National …,https://www.nationalgeographic.com/environment/article/global-warming-solutions,bing
10 Solutions for Climate Change | Scientific American,https://www.scientificamerican.com/article/10-solutions-for-climate-change/,bing
What Are the Solutions to Climate Change? - NRDC,https://www.nrdc.org/stories/what-are-solutions-climate-change,bing
Related searches for how to solve environmental problem,/search?q=10+environmental+problems+and+solutions&FORM=LGWQS1,bing
5 Simple Ways To Help Solve Environmental Problems - Unity College,https://unity.edu/sustainability/ways-to-solve-environmental-problems/,yahoo
10 Environmental Problems and Solutions in 2023 - Ecavo,https://ecavo.com/environmental-problems-solutions/,yahoo
unity.edu › ways-to-solve-environmental-problems5 Simple Ways To Help Solve Environmental Problems - Unity ...,https://unity.edu/sustainability/ways-to-solve-environmental-problems/,yahoo
ecavo.com › environmental-problems-solutions10 Environmental Problems and Solutions in 2023 - Ecavo,https://ecavo.com/environmental-problems-solutions/,yahoo
www.unep.org › interactive › how-to-beat-pollutionHow to beat pollution - UNEP - UN Environment Programme,https://www.unep.org/interactive/how-to-beat-pollution/,yahoo
kids.nationalgeographic.com › nature › save-the13 ways to save the Earth from pollution,https://kids.nationalgeographic.com/nature/save-the-earth/article/13-ways-to-save-the-earth-from-pollution,yahoo
earth.org › climate-change-problems-and-solutionsClimate Change: Problems and Solutions | Earth.Org,https://earth.org/climate-change-problems-and-solutions/,yahoo
